LikeID,UserID,PrayerID,Timestamp
343,832,847,"2023-12-11 15:45:22"
231,637,123,"2023-12-10 8:12:55"
542,776,423,"2023-12-09 18:20:10"
262,842,712,"2023-12-08 12:40:30"
842,943,813,"2023-12-07 21:05:15"
735,812,741,"2023-12-06 6:55:40"
256,111,923,"2023-12-05 14:22:18"
754,777,943,"2023-12-04 11:10:05"
824,809,713,"2023-12-03 17:33:45"
953,981,313,"2023-12-02 23:58:30"
935,115,543,"2023-12-01 10:15:20"
284,823,457,"2023-11-30 7:42:08"
845,820,259,"2023-11-29 19:50:25"
851,913,952,"2023-11-28 13:18:55"
